pcwk01,이상무01,4321,jamesol@paran.com,1,0,2024/10/17 14:33:00,일반
pcwk02,이상무02,4321,jamesol02@paran.com,1,1,2024/10/17 14:33:00,관리자
pcwk03,이상무03,4321,jamesol03@paran.com,1,0,2024/10/17 14:33:00,일반
pcwk04,이상무04,4321,jamesol5@paran.com,1,0,2024/10/23 14:33:00,일반
pcwk05,이상무05,4321,jamesol@paran.com,1,0,2024/10/17 14:33:00,일반
pcwk06,이상무06,4321,jamesol02@paran.com,1,1,2024/10/17 14:33:00,관리자
pcwk07,이상무07,4321,jamesol03@paran.com,1,0,2024/10/17 14:33:00,일반
pcwk08,이상무08,4321,jamesol5@paran.com,1,0,2024/10/23 14:33:00,일반
pcwk09,이상무09,4321,jamesol@paran.com,1,0,2024/10/17 14:33:00,일반
pcwk10,이상무10,4321,jamesol02@paran.com,1,1,2024/10/17 14:33:00,관리자
pcwk11,이상무11,4321,jamesol03@paran.com,1,0,2024/10/17 14:33:00,일반
pcwk12,이상무12,4321,jamesol5@paran.com,1,0,2024/10/23 14:33:00,일반
pcwk13,이상무13,4321,jamesol@paran.com,1,0,2024/10/17 14:33:00,일반
pcwk14,이상무14,4321,jamesol02@paran.com,1,1,2024/10/17 14:33:00,관리자
pcwk15,이상무15,4321,jamesol03@paran.com,1,0,2024/10/17 14:33:00,일반
pcwk16,이상무16,4321,jamesol5@paran.com,1,0,2024/10/23 14:33:00,일반
pcwk17,이상무17,4321,jamesol03@paran.com,1,0,2024/10/17 14:33:00,일반
pcwk18,이상무18,4321,jamesol5@paran.com,1,0,2024/10/23 14:33:00,일반
pcwk19,이상무19,4321,jamesol@paran.com,1,0,2024/10/17 14:33:00,일반
pcwk20,이상무20,4321,jamesol02@paran.com,1,1,2024/10/17 14:33:00,관리자
pcwk21,이상무21,4321,jamesol03@paran.com,1,0,2024/10/17 14:33:00,일반
pcwk22,이상무22,4321,jamesol5@paran.com,1,0,2024/10/23 14:33:00,일반